"","COUNTY","FIPS_res","TOTAL_CASES","TOTAL_DEATHS","TOTAL_HOSP","CASES_BLACK","DEATHS_BLACK","HOSP_BLACK","CASES_WHITE","DEATHS_WHITE","HOSP_WHITE","CASES_HISP","DEATHS_HISP","HOSP_HISP","PERC_CASES_RACE_UNK","PERC_DEATHS_RACE_UNK","PERC_HOSP_RACE_UNK","PERC_CASES_ETH_UNK","PERC_DEATHS_ETH_UNK","PERC_HOSP_ETH_UNK","TOTAL_VAX","TOTAL_VAX_BLACK","TOTAL_VAX_WHITE","TOTAL_VAX_HISP","PERC_VAX_RACE_UNK","PERC_VAX_ETH_UNK","TOTAL_VAX_65","TOTAL_VAX_65_BLACK","TOTAL_VAX_65_WHITE","TOTAL_VAX_65_HISP","TOTAL_TESTS","DAILY_AVG_TESTS","County","Total_pop","WHITE_count","WHITE","BLACK_count","BLACK","WHITE_65_count","BLACK_65_count"
"1","Appling",13001,1853,62,167,346,13,31,952,47,116,134,2,12,18.4565569347005,0,2.39520958083832,29.4117647058824,0,4.19161676646707,2530,412,1833,46,0.869565217391304,7.15415019762846,1526,211,1151,16,6862,19.3295774647887,"Appling County, Georgia",18440,12745,69.1,3555,19.3,2515,475
"2","Atkinson",13003,762,16,113,132,5,23,340,9,57,186,2,26,15.3543307086614,0,5.30973451327434,17.0603674540682,0,10.6194690265487,1023,172,680,106,2.34604105571848,7.62463343108504,559,86,424,23,1879,5.76380368098159,"Atkinson County, Georgia",8239,4657,56.5,1434,17.4,825,205
"3","Bacon",13005,1025,28,78,135,4,15,619,23,52,125,1,9,15.1219512195122,0,5.12820512820513,16.0975609756098,0,3.84615384615385,1385,122,1151,16,2.16606498194946,9.67509025270758,807,67,685,7,3017,8.82163742690059,"Bacon County, Georgia",11201,8234,73.5,1701,15.2,1450,180
"4","Baker",13007,160,9,33,67,7,21,72,2,12,18,0,0,5.625,0,0,9.375,0,0,677,290,350,6,1.18168389955687,6.49926144756278,377,154,197,3,1042,3.35048231511254,"Baker County, Georgia",3132,1586,50.6,1241,39.6,420,200
"5","Baldwin",13009,3762,107,309,1214,39,143,1709,63,132,92,3,4,12.9186602870813,0.934579439252336,2.58899676375405,27.6714513556619,3.73831775700935,11.9741100323625,8359,2709,4380,69,1.45950472544563,15.6358416078478,4389,1127,2599,29,29183,80.8393351800554,"Baldwin County, Georgia",45111,23631,52.4,18995,42.1,4465,2015
"6","Banks",13011,1585,33,182,40,1,7,1155,30,161,81,1,5,13.7539432176656,0,3.2967032967033,26.1829652996845,0,8.79120879120879,2393,52,2109,42,1.92227329711659,14.0827413288759,1510,26,1378,18,7981,22.4816901408451,"Banks County, Georgia",18708,16425,87.8,486,2.6,2865,49
"7","Barrow",13013,8291,120,571,976,10,91,4466,94,379,799,8,63,20.3714871547461,4.16666666666667,5.42907180385289,31.3472439995175,0.833333333333333,5.07880910683012,10219,995,7298,366,6.36070065564145,19.5518152461102,5436,448,4154,142,40569,109.645945945946,"Barrow County, Georgia",78991,56356,71.3,9238,11.7,7705,755
"8","Bartow",13015,10711,195,766,970,19,86,6133,165,572,964,7,49,23.0510689944916,0.512820512820513,6.39686684073107,35.2254691438708,1.02564102564103,11.0966057441253,14904,1034,12283,312,2.16049382716049,12.7616747181965,8306,476,7146,101,73320,195,"Bartow County, Georgia",104919,81287,77.5,10825,10.3,12100,990
"9","Ben Hill",13017,1475,56,148,481,20,64,644,36,73,74,0,3,17.7627118644068,0,4.72972972972973,20.8135593220339,0,6.75675675675676,2699,723,1620,40,1.81548721748796,10.1889588736569,1603,384,1043,9,12200,34.5609065155807,"Ben Hill County, Georgia",17033,9511,55.8,6236,36.6,1965,750
"10","Berrien",13019,1033,29,70,146,5,7,715,24,57,57,0,2,9.87415295256534,0,5.71428571428571,11.7134559535334,0,2.85714285714286,2809,260,2242,41,3.34638661445354,11.3207547169811,1656,137,1374,8,8419,23.7824858757062,"Berrien County, Georgia",19152,15671,81.8,2030,10.6,2855,224
"11","Bibb",13021,13025,378,1689,7030,211,1090,3526,161,525,303,1,27,14.0499040307102,0.264550264550265,1.18413262285376,21.5201535508637,1.05820105820106,6.63114268798105,28757,10234,14104,232,3.89470389818131,21.3235038425427,14341,4564,7802,78,95301,257.57027027027,"Bibb County, Georgia",153200,58712,38.3,83170,54.3,13010,8725
"12","Bleckley",13023,789,33,46,233,6,10,487,27,34,27,0,2,4.30925221799747,0,0,10.3929024081115,0,2.17391304347826,1607,196,1262,11,2.11574362165526,46.6708151835719,894,93,743,5,3966,11.5626822157434,"Bleckley County, Georgia",12807,8781,68.6,3500,27.3,1830,300
"13","Brantley",13025,890,29,67,32,2,3,696,27,62,12,0,1,13.8202247191011,0,0,19.1011235955056,0,1.49253731343284,1864,72,1691,14,0.590128755364807,7.99356223175966,1164,49,1069,8,7335,20.546218487395,"Brantley County, Georgia",18756,17285,92.2,619,3.3,2645,90
"14","Brooks",13027,923,36,85,421,15,53,313,20,28,57,1,3,13.8678223185265,0,1.17647058823529,21.6684723726977,0,9.41176470588235,3042,1006,1655,33,3.58316896778435,17.784352399737,1844,538,1094,18,6631,18.9457142857143,"Brooks County, Georgia",15590,8804,56.5,5587,35.8,2115,795
"15","Bryan",13029,2591,33,170,380,5,41,1585,27,123,113,0,5,14.8591277499035,0,0,23.0798919336164,3.03030303030303,2.94117647058824,7368,715,5582,140,3.63735070575461,13.314332247557,3330,296,2666,42,18283,49.9535519125683,"Bryan County, Georgia",37063,27076,73.1,5133,13.8,2980,395
"16","Bulloch",13031,5129,58,209,1290,19,89,2631,38,109,197,1,4,17.3523103918893,0,1.91387559808612,21.4856697211932,0,5.26315789473684,11421,1941,8283,111,4.17651694247439,13.66780492076,5753,931,4370,31,21746,58.9322493224932,"Bulloch County, Georgia",76120,48323,63.5,21133,27.8,6030,1560
"17","Burke",13033,1710,33,146,899,18,95,529,15,39,40,0,0,10.9941520467836,0,5.47945205479452,23.7426900584795,3.03030303030303,12.3287671232877,3717,1411,1758,36,5.24616626311542,32.1495829970406,2025,697,1002,18,14602,41.6011396011396,"Burke County, Georgia",22520,10645,47.3,10824,48.1,1950,1220
"18","Butts",13035,2051,71,116,481,20,48,1067,49,58,26,1,2,21.160409556314,0,4.31034482758621,37.9814724524622,1.40845070422535,14.6551724137931,2939,619,1988,30,2.65396393331065,16.5702619938755,1853,346,1323,19,25097,69.328729281768,"Butts County, Georgia",24090,15907,66,6966,28.9,2670,695
"19","Calhoun",13037,433,14,72,276,8,52,107,6,18,9,0,1,5.77367205542725,0,0,14.0877598152425,7.14285714285714,6.94444444444444,1530,808,619,10,1.56862745098039,7.45098039215686,741,345,343,2,5012,14.0392156862745,"Calhoun County, Georgia",6365,2076,32.6,3839,60.3,435,455
"20","Camden",13039,3100,26,121,662,12,49,1768,14,70,166,0,1,12.9677419354839,0,0,18.1290322580645,0,0.826446280991736,8869,1381,6759,146,2.15356860976435,8.1858157627692,5012,692,4029,52,36159,98.5258855585831,"Camden County, Georgia",53231,37155,69.8,9921,18.6,5055,975
"21","Candler",13043,735,35,60,154,16,19,357,18,33,98,1,4,17.2789115646259,0,8.33333333333333,18.3673469387755,0,8.33333333333333,2066,444,1286,30,4.01742497579864,13.7463697967086,1173,238,772,10,3372,9.94690265486726,"Candler County, Georgia",10812,6556,60.6,2717,25.1,1420,375
"22","Carroll",13045,7133,128,301,1351,21,91,3964,101,173,433,3,24,13.2062245899341,0,2.6578073089701,34.3193607177906,1.5625,19.2691029900332,14883,1756,11109,231,3.46032385943694,23.4092588859773,8466,847,6545,102,65436,175.43163538874,"Carroll County, Georgia",117183,82322,70.3,22305,19,12615,1665
"23","Catoosa",13047,5288,61,238,106,0,8,3349,55,178,109,1,6,30.6921331316188,3.27868852459016,18.0672268907563,38.9561270801815,3.27868852459016,26.0504201680672,11243,127,10088,60,4.57173352308103,10.9935070710664,6563,60,5982,17,20571,56.358904109589,"Catoosa County, Georgia",66700,60661,90.9,1369,2.1,10365,135
"24","Charlton",13049,1040,21,61,240,4,20,385,14,30,123,3,5,29.1346153846154,0,6.55737704918033,33.5576923076923,0,16.3934426229508,1049,239,718,8,0.571973307912297,5.05243088655863,664,140,473,6,9794,28.1436781609195,"Charlton County, Georgia",13040,7973,61.1,3375,25.9,1520,310
"25","Chatham",13051,19261,377,1539,7956,161,809,7087,193,576,1187,11,71,11.2818649083641,1.59151193633952,2.59909031838856,20.3468148071232,1.85676392572944,6.4327485380117,62906,16194,36588,1110,3.43210504562363,16.6200362445554,30896,7610,19052,349,199746,532.656,"Chatham County, Georgia",288496,139916,48.5,113750,39.4,26940,11975
"26","Chattahoochee",13053,2861,10,25,362,2,11,1844,3,11,235,2,1,8.70325061167424,0,4,64.0335547011534,60,20,435,152,212,13,6.20689655172414,16.7816091954023,208,73,117,5,5926,17.6369047619048,"Chattahoochee County, Georgia",10560,6080,57.6,2099,19.9,295,105
"27","Chattooga",13055,2141,60,164,157,7,21,1304,53,127,112,0,2,26.0158804297057,0,7.31707317073171,34.8435310602522,0,12.8048780487805,4337,335,3646,28,0.553377910998386,5.372377219276,2577,192,2221,7,11211,31.9401709401709,"Chattooga County, Georgia",24812,20536,82.8,2556,10.3,3745,365
"28","Cherokee",13057,21188,280,1170,1095,9,76,13218,249,848,2690,18,201,17.8591655654144,0.714285714285714,4.95726495726496,23.9144798942798,0,4.44444444444444,47361,1882,37440,1284,5.22793015350183,21.9885559848821,24769,693,20884,404,190186,508.51871657754,"Cherokee County, Georgia",247515,194846,78.7,16601,6.7,27755,865
"29","Clarke",13059,12339,120,477,2885,52,218,5701,59,162,1306,6,59,15.8116541048707,0.833333333333333,5.0314465408805,24.1024394197261,0.833333333333333,11.5303983228512,23810,3995,15199,906,5.75388492230155,19.6052078958421,10635,1868,7397,245,152820,409.70509383378,"Clarke County, Georgia",126176,69418,55,34907,27.7,8935,2925
"30","Clay",13061,180,3,10,99,3,9,49,0,1,4,0,0,15,0,0,18.8888888888889,0,0,694,269,344,1,1.00864553314121,4.17867435158501,429,147,238,NA,801,2.95571955719557,"Clay County, Georgia",2951,1045,35.4,1841,62.4,370,285
"31","Clayton",13063,22000,398,1265,11483,248,826,1617,79,139,2737,31,131,23.5318181818182,0.50251256281407,3.39920948616601,33.7,3.51758793969849,13.9130434782609,30510,16044,6703,934,5.55555555555556,30.6817436905933,14436,6726,4314,356,204567,546.970588235294,"Clayton County, Georgia",283538,28559,10.1,193754,68.3,9020,11575
"32","Clinch",13065,718,24,63,231,12,25,351,12,33,21,0,2,14.2061281337047,0,1.58730158730159,21.866295264624,0,9.52380952380952,1059,156,665,5,6.8932955618508,24.8347497639282,606,70,384,2,5030,14.7941176470588,"Clinch County, Georgia",6686,4354,65.1,1900,28.4,825,175
"33","Cobb",13067,57405,891,2925,12899,226,971,21336,534,1196,9941,99,588,18.3381238568069,0.336700336700337,2.90598290598291,27.0795226896612,0.448933782267116,5.09401709401709,145653,22309,90501,4415,5.61608755054822,31.1953753098117,67929,7488,49531,1370,539929,1435.98138297872,"Cobb County, Georgia",751218,389948,51.9,200733,26.7,66265,10705
"34","Coffee",13069,4184,128,637,1213,46,249,1901,77,303,440,5,51,14.4120458891013,0,4.70957613814757,20.7217973231358,0.78125,11.6169544740973,6247,1267,4139,199,1.72882983832239,9.9247638866656,3159,564,2225,56,28718,79.1129476584022,"Coffee County, Georgia",43021,25010,58.1,12230,28.4,4345,1105
"35","Colquitt",13071,3401,71,236,704,23,55,1416,38,99,913,9,66,5.38077036165834,1.40845070422535,2.11864406779661,9.87944722140547,0,2.54237288135593,6977,1184,4685,238,4.18517987673785,14.7771248387559,4099,597,2902,107,28046,77.0494505494506,"Colquitt County, Georgia",45486,25418,55.9,10535,23.2,5310,1015
"36","Columbia",13073,10697,156,453,2169,31,117,5498,113,282,398,5,12,14.6863606618678,0.641025641025641,3.3112582781457,30.6908479012807,0.641025641025641,25.60706401766,27042,3248,17858,718,3.69795133496043,15.8716071296502,12875,1302,9048,228,79368,217.446575342466,"Columbia County, Georgia",150705,103491,68.7,24995,16.6,14665,1850
"37","Cook",13075,1147,36,106,314,13,38,617,23,65,67,0,2,12.1185701830863,0,0,13.3391455972101,0,2.83018867924528,3045,674,1991,39,2.46305418719212,9.72085385878489,1647,337,1131,9,10158,28.8579545454545,"Cook County, Georgia",17177,11116,64.7,4624,26.9,2030,535
"38","Coweta",13077,8346,170,305,1647,45,104,4463,116,175,626,7,16,17.7570093457944,0.588235294117647,2.62295081967213,22.2381979391325,0.588235294117647,3.27868852459016,21789,2703,15747,508,4.19018770939465,26.3435678553398,11477,1243,8722,189,79163,213.377358490566,"Coweta County, Georgia",143260,101717,71,25318,17.7,14625,2465
"39","Crawford",13079,510,15,63,143,10,30,280,5,31,6,0,0,13.1372549019608,0,1.58730158730159,24.7058823529412,0,6.34920634920635,1928,581,1158,10,2.54149377593361,12.344398340249,1079,277,707,5,4714,13.5459770114943,"Crawford County, Georgia",12325,9030,73.3,2708,22,1630,445
"40","Crisp",13081,1394,47,155,641,24,88,499,22,51,44,0,4,12.1951219512195,2.12765957446809,5.16129032258065,28.1205164992826,0,22.5806451612903,4403,1327,2539,41,3.17965023847377,17.6697706109471,2318,597,1453,19,10721,29.6160220994475,"Crisp County, Georgia",22713,11330,49.9,10344,45.5,2860,1015
"41","Dade",13083,1153,10,56,8,0,0,764,10,46,24,0,0,29.5750216825672,0,17.8571428571429,35.0390286209887,0,19.6428571428571,2887,8,2714,14,1.62798753030828,3.56771735365431,1833,8,1732,5,5216,15.2961876832845,"Dade County, Georgia",16197,15116,93.3,106,0.7,2790,4
"42","Dawson",13085,2602,37,233,14,0,1,1998,29,201,122,7,15,16.6794773251345,0,6.43776824034335,20.1767870868563,0,3.86266094420601,4167,20,3659,50,3.95968322534197,12.7429805615551,2558,9,2310,26,12605,34.4398907103825,"Dawson County, Georgia",24536,22598,92.1,258,1.1,4405,0
"43","Decatur",13087,2085,53,137,870,22,69,872,27,57,178,3,10,6.28297362110312,0,0,13.8609112709832,0,2.18978102189781,5052,1442,3149,57,1.14806017418844,9.44180522565321,2860,721,1924,12,22145,61.1740331491713,"Decatur County, Georgia",26682,13397,50.2,11219,42,2895,1240
"44","DeKalb",13089,54079,841,4263,22928,488,2676,9976,252,564,5891,50,645,18.3601767784168,0.832342449464923,5.16068496364063,30.570091902587,1.30796670630202,7.48299319727891,137946,43979,58845,2974,7.86902121119858,39.8025314253403,58018,20503,25846,839,720712,1911.70291777188,"DeKalb County, Georgia",749323,218260,29.1,400411,53.4,37870,38510
"45","Dodge",13091,1072,56,104,376,23,50,614,33,53,23,0,0,4.47761194029851,0,0.961538461538462,11.4738805970149,0,3.84615384615385,2473,449,1753,18,1.98139911039224,43.3077234128589,1330,217,978,4,7628,21.4269662921348,"Dodge County, Georgia",20829,13484,64.7,5987,28.7,2720,680
"46","Dooly",13093,778,31,89,375,21,48,247,8,28,47,1,5,11.8251928020566,0,4.49438202247191,21.0796915167095,6.45161290322581,7.86516853932584,2288,866,1202,18,2.0979020979021,10.6643356643357,1206,404,689,9,5586,15.6910112359551,"Dooly County, Georgia",13736,5850,42.6,6741,49.1,1495,950
"47","Dougherty",13095,5353,272,982,3865,205,795,1042,60,149,131,4,17,3.56809265832244,0.367647058823529,0.610997963340122,11.731739211657,0.735294117647059,3.05498981670061,18860,10215,7014,175,1.983032873807,13.9925768822906,9960,4840,4396,76,75997,203.745308310992,"Dougherty County, Georgia",89703,22628,25.2,62245,69.4,6385,6405
"48","Douglas",13097,11268,165,792,4946,59,384,3209,83,283,1307,17,75,9.09655662051828,0,3.03030303030303,26.6418175363862,0.606060606060606,9.21717171717172,20063,6536,10171,504,4.49085381049693,27.3438668195185,9907,2375,6156,180,108927,290.472,"Douglas County, Georgia",143316,58078,40.5,65820,45.9,11100,3400
"49","Early",13099,993,41,71,571,22,46,314,18,21,10,0,1,7.45216515609265,0,0,12.2860020140987,2.4390243902439,1.40845070422535,2578,1021,1339,23,1.93948797517455,7.71916214119472,1385,480,784,7,7245,20.1810584958217,"Early County, Georgia",10312,4663,45.2,5383,52.2,1225,690
"50","Echols",13101,353,3,12,10,0,2,122,3,5,143,0,4,24.0793201133144,0,0,21.2464589235127,0,0,407,31,331,24,4.17690417690418,4.42260442260442,230,17,198,5,1908,6.74204946996466,"Echols County, Georgia",3981,2640,66.3,79,2,405,25
"51","Effingham",13103,3620,58,229,592,7,38,2209,49,178,155,1,8,11.0773480662983,0,1.31004366812227,17.9281767955801,0,3.93013100436681,8811,1036,6593,159,4.71002156395415,19.5437521280218,4444,442,3532,49,28537,77.9699453551913,"Effingham County, Georgia",60477,47339,78.3,7956,13.2,5480,675
"52","Elbert",13105,1505,52,121,508,20,45,712,32,61,59,0,2,13.421926910299,0,4.95867768595041,23.9202657807309,0,11.5702479338843,3927,903,2272,41,7.89406671759613,22.35803412274,2457,499,1465,16,7459,20.8351955307263,"Elbert County, Georgia",19166,12173,63.5,5674,29.6,2920,795
"53","Emanuel",13107,1710,51,122,476,20,41,727,27,58,38,1,0,25.5555555555556,3.92156862745098,15.5737704918033,29.4736842105263,3.92156862745098,22.1311475409836,3331,859,2065,50,1.86130291203843,13.539477634344,1876,451,1230,16,9519,26.8898305084746,"Emanuel County, Georgia",22533,13355,59.3,7632,33.9,2545,895
"54","Evans",13109,745,16,72,187,6,23,338,10,45,118,0,3,13.9597315436242,0,1.38888888888889,16.1073825503356,0,2.77777777777778,1951,410,1237,27,5.58687852383393,25.5766273705792,1087,209,714,9,3111,8.96541786743516,"Evans County, Georgia",10687,6012,56.3,3168,29.6,1275,395
"55","Fannin",13111,2022,51,164,4,0,0,1678,50,156,53,0,4,13.8971315529179,1.96078431372549,1.82926829268293,18.9416419386746,1.96078431372549,3.65853658536585,5612,10,5196,39,1.78189593727726,10.4062722736992,3674,4,3433,12,10609,29.3066298342541,"Fannin County, Georgia",25395,24098,94.9,63,0.2,6475,14
"56","Fayette",13113,6352,137,236,1441,41,88,2614,94,129,471,1,4,24.1813602015113,0,3.38983050847458,30.6360201511335,0,6.77966101694915,28607,5157,18289,619,4.40801202502884,26.9689236900059,15388,2437,10701,221,67818,183.291891891892,"Fayette County, Georgia",112303,69850,62.2,25282,22.5,14750,2875
"57","Floyd",13115,9671,167,819,1194,17,152,4890,136,538,1020,9,57,26.222727742736,0.598802395209581,6.59340659340659,35.0635921828146,1.79640718562874,15.3846153846154,19471,1691,15463,524,2.7630835601664,9.91217708386832,10243,810,8585,101,103968,278.734584450402,"Floyd County, Georgia",97369,68902,70.8,13507,13.9,13540,1490
"58","Forsyth",13117,16877,159,907,517,3,24,8914,134,647,2039,11,124,23.7423712745156,1.25786163522013,6.06394707828004,30.5741541743201,0.628930817610063,6.06394707828004,41424,973,27283,1234,8.76544998068752,20.6281382773272,18778,310,14550,384,144147,386.45308310992,"Forsyth County, Georgia",228383,163760,71.7,7577,3.3,21470,405
"59","Franklin",13119,2292,39,147,201,7,22,1613,32,111,108,0,0,13.9616055846422,0,4.08163265306122,21.5968586387435,0,9.52380952380952,3732,203,3224,37,1.5005359056806,12.540192926045,2219,113,1967,21,16491,46.1932773109244,"Franklin County, Georgia",22766,19001,83.5,2119,9.3,3835,390
"60","Fulton",13121,77343,1153,4444,29605,704,2790,23884,374,984,7660,47,451,13.9146399803473,0.173460537727667,2.58775877587759,23.0117787000763,0.520381613183001,4.32043204320432,185995,46284,91336,4166,8.58732761633377,28.9814242318342,79011,23293,40397,1041,1159276,3075.00265251989,"Fulton County, Georgia",1036200,410771,39.6,451908,43.6,57995,46180
"61","Gilmer",13123,2414,68,197,5,0,0,1818,65,150,325,1,41,10.8947804473902,0,1.52284263959391,14.9130074565037,1.47058823529412,5.58375634517767,6809,18,6281,176,1.17491555294463,9.91334997797033,4517,7,4269,46,14227,40.1892655367232,"Gilmer County, Georgia",30414,26116,85.9,126,0.4,6575,39
"62","Glascock",13125,142,7,18,26,3,12,89,4,5,NA,NA,NA,14.7887323943662,0,0,29.5774647887324,14.2857142857143,5.55555555555556,434,30,327,NA,2.99539170506912,9.21658986175115,258,13,192,NA,1088,4.13688212927757,"Glascock County, Georgia",2996,2618,87.4,306,10.2,470,45
"63","Glynn",13127,6416,149,433,1639,39,146,3223,100,241,750,4,34,10.395885286783,0.671140939597315,1.15473441108545,13.9027431421446,0.671140939597315,2.77136258660508,21625,2796,16961,253,1.89595375722543,10.3722543352601,12528,1410,10214,92,85146,228.887096774194,"Glynn County, Georgia",84470,53687,63.6,22022,26.1,12625,2290
"64","Gordon",13129,6288,96,310,209,4,20,3463,87,246,1045,5,34,25.9860050890585,0,3.54838709677419,33.2220101781171,0,6.45161290322581,9115,292,7802,329,1.65660998354361,7.72353263850795,5132,135,4597,102,39530,106.837837837838,"Gordon County, Georgia",57202,44341,77.5,2137,3.7,7240,200
"65","Grady",13131,1492,45,169,490,11,79,649,33,71,265,1,17,4.55764075067024,0,0,9.6514745308311,0,4.14201183431953,4388,1019,3007,67,2.16499544211486,13.6508659981768,2561,534,1849,23,6601,19.3577712609971,"Grady County, Georgia",24828,14393,58,7167,28.9,3110,870
"66","Greene",13133,1464,48,131,549,21,61,627,26,61,78,1,7,13.2513661202186,0,0,29.5081967213115,0,16.030534351145,4380,689,3121,55,4.06392694063927,18.3561643835616,3186,365,2461,31,10243,28.3739612188366,"Greene County, Georgia",17349,9979,57.5,6073,35,3615,835
"67","Gwinnett",13135,82639,970,5134,13688,218,1364,17621,438,1538,15678,197,1455,29.2501119326226,1.54639175257732,9.87534086482275,41.0266339137695,0.824742268041237,6.19400077911959,150663,22708,70699,7711,7.96545933639978,26.737818840724,62169,6745,35593,2241,685366,1822.78191489362,"Gwinnett County, Georgia",915046,341205,37.3,247238,27,55905,11130
"68","Habersham",13137,4568,141,462,105,1,19,2938,127,319,644,10,61,14.7548161120841,0.709219858156028,7.57575757575758,22.9203152364273,0.709219858156028,15.1515151515152,8019,111,7079,141,2.63125077939893,22.5339817932411,4998,63,4536,40,21312,57.7560975609756,"Habersham County, Georgia",44626,34493,77.3,1424,3.2,7470,145
"69","Hall",13139,24250,396,2276,1378,37,189,11613,283,1284,6017,64,654,21.360824742268,1.76767676767677,5.4481546572935,24.6515463917526,0.505050505050505,5.00878734622144,31163,1500,23577,1934,4.22616564515611,19.6065847318936,17464,705,14398,471,220103,590.088471849866,"Hall County, Georgia",198667,120829,60.8,14059,7.1,24505,1395
"70","Hancock",13141,817,59,100,455,42,72,126,16,19,4,0,0,23.8678090575275,0,1,34.2717258261934,0,9,1613,918,486,8,2.16986980781153,8.61748295102294,946,492,349,5,4684,13.6959064327485,"Hancock County, Georgia",8515,2070,24.3,6227,73.1,735,1045
"71","Haralson",13143,1664,33,70,43,1,2,1290,32,62,19,0,0,11.8990384615385,0,7.14285714285714,36.8389423076923,0,18.5714285714286,4309,170,3807,12,1.04432582965885,8.98120213506614,2596,89,2344,7,11259,30.6784741144414,"Haralson County, Georgia",29227,26560,90.9,1481,5.1,4290,205
"72","Harris",13145,2084,50,149,378,17,43,1299,32,92,57,0,4,14.5873320537428,0,4.02684563758389,22.0249520153551,0,4.02684563758389,5487,733,4016,119,4.42864953526517,25.0592309094223,3227,410,2436,66,14366,39.467032967033,"Harris County, Georgia",34105,26219,76.9,5486,16.1,4565,945
"73","Hart",13147,1682,35,114,352,6,18,1014,29,85,60,0,2,12.3662306777646,0,0.87719298245614,18.9655172413793,0,6.14035087719298,4756,462,3797,72,1.80824222035324,9.3986543313709,3126,271,2576,43,7539,21.1176470588235,"Hart County, Georgia",25773,19280,74.8,4958,19.2,4615,570
"74","Heard",13149,607,14,38,82,3,9,453,11,28,7,0,0,7.74299835255354,0,0,19.7693574958814,0,7.89473684210526,1171,131,895,6,2.2203245089667,14.602903501281,682,77,526,3,5335,15.1133144475921,"Heard County, Georgia",11736,9948,84.8,1024,8.7,1645,190
"75","Henry",13151,18013,266,541,7270,101,295,5185,146,183,1168,10,28,21.0958752012435,0.37593984962406,4.25138632162662,29.1622716926664,0.37593984962406,8.13308687615527,31920,11204,14033,736,6.59774436090226,30.5137844611529,14899,4238,8132,285,143247,387.154054054054,"Henry County, Georgia",225356,97850,43.4,97870,43.4,15925,6265
"76","Houston",13153,9631,179,678,2920,52,270,3861,116,323,457,7,43,18.5339009448655,0.558659217877095,2.8023598820059,27.6710621949953,0.558659217877095,7.07964601769912,26503,5869,16322,461,4.03350564087085,21.9446855073011,12556,2220,8471,153,66683,180.712737127371,"Houston County, Georgia",153507,86349,56.3,47122,30.7,13610,3330
"77","Irwin",13155,670,18,80,172,5,29,354,12,47,39,0,1,15.8208955223881,0,3.75,15.5223880597015,0,3.75,1574,291,1102,15,1.84243964421855,11.3722998729352,906,168,642,8,5321,15.5131195335277,"Irwin County, Georgia",9320,6224,66.8,2637,28.3,1325,335
"78","Jackson",13157,8222,128,477,505,15,30,5194,99,361,545,6,33,20.9559717830212,1.5625,6.49895178197065,34.225249331063,0.78125,7.33752620545073,11100,631,8861,247,5.26126126126126,18.4594594594595,6166,299,5206,91,39620,107.663043478261,"Jackson County, Georgia",67885,55223,81.3,4501,6.6,8430,480
"79","Jasper",13159,656,18,58,129,5,22,399,13,32,19,0,0,14.0243902439024,0,6.89655172413793,19.8170731707317,0,5.17241379310345,1934,441,1336,12,3.25749741468459,14.3226473629783,1161,229,840,7,6155,17.2408963585434,"Jasper County, Georgia",13916,10327,74.2,2838,20.4,1765,480
"80","Jeff Davis",13161,1261,37,97,152,9,8,816,28,78,148,0,7,9.8334655035686,0,3.09278350515464,14.3536875495638,0,2.06185567010309,2020,214,1544,50,0.643564356435644,8.16831683168317,1154,131,908,14,3660,10.4273504273504,"Jeff Davis County, Georgia",15036,10653,70.8,2467,16.4,1855,385
"81","Jefferson",13163,1548,55,149,855,35,98,468,20,40,30,0,1,11.6279069767442,0,5.36912751677852,18.7984496124031,0,10.738255033557,2906,1237,1248,12,4.23262216104611,19.4769442532691,1701,676,759,5,9702,27.8793103448276,"Jefferson County, Georgia",15618,6561,42,8294,53.1,1490,1185
"82","Jenkins",13165,712,39,80,318,17,41,262,20,31,29,1,4,14.185393258427,2.56410256410256,5,19.8033707865169,2.56410256410256,7.5,1314,374,724,8,5.25114155251141,17.5799086757991,765,205,443,2,3147,9.09537572254335,"Jenkins County, Georgia",8793,4807,54.7,3070,34.9,1015,365
"83","Johnson",13167,776,40,95,303,15,47,419,25,44,12,0,0,4.51030927835052,0,4.21052631578947,15.4639175257732,0,10.5263157894737,1314,369,842,4,1.67427701674277,38.5083713850837,729,198,493,NA,3633,10.716814159292,"Johnson County, Georgia",9691,6047,62.4,3213,33.2,1305,380
"84","Jones",13169,1546,50,150,435,14,55,881,35,89,13,0,1,11.9663648124191,0,0.666666666666667,21.3454075032342,0,8,5320,1484,3417,36,2.57518796992481,19.1165413533835,2803,671,1955,17,14869,41.4178272980501,"Jones County, Georgia",28579,20415,71.4,7019,24.6,3405,1085
"85","Lamar",13171,1281,42,108,352,11,36,666,31,59,15,0,1,14.832162373146,0,3.7037037037037,25.3708040593286,0,11.1111111111111,2688,651,1812,14,2.49255952380952,13.9880952380952,1629,349,1147,8,11802,32.5123966942149,"Lamar County, Georgia",18672,12167,65.2,5489,29.4,2275,655
"86","Lanier",13173,482,9,27,107,3,9,219,5,15,41,1,3,23.6514522821577,0,0,26.1410788381743,0,0,1144,175,821,29,3.40909090909091,14.4230769230769,554,83,404,8,3856,11.2748538011696,"Lanier County, Georgia",10380,7122,68.6,2532,24.4,1040,250
"87","Laurens",13175,3630,140,342,1471,57,160,1840,81,171,70,1,1,5.0137741046832,0.714285714285714,2.33918128654971,11.8457300275482,1.42857142857143,11.4035087719298,8628,2197,5653,58,1.44877144181734,46.708391284191,4708,1118,3226,17,48666,132.604904632153,"Laurens County, Georgia",47405,27124,57.2,17646,37.2,5570,2045
"88","Lee",13177,1574,48,178,486,21,72,892,25,92,39,2,4,5.27318932655654,0,2.24719101123596,14.9301143583227,2.08333333333333,9.55056179775281,7045,1305,4998,101,1.58977998580554,15.7984386089425,3259,492,2531,33,17201,46.3638814016172,"Lee County, Georgia",29502,21134,71.6,6108,20.7,2650,495
"89","Liberty",13179,3067,57,209,1324,30,119,825,22,75,182,3,8,19.4000652103032,0,0.956937799043062,35.8330616237365,0,11.9617224880383,5959,2231,2497,250,4.68199362309112,15.1367679140795,2895,983,1340,86,23024,62.5652173913044,"Liberty County, Georgia",61349,23847,38.9,24602,40.1,2805,1895
"90","Lincoln",13181,496,23,50,156,12,21,230,11,28,3,0,0,19.3548387096774,0,2,27.2177419354839,0,6,1551,467,952,5,2.45003223726628,10.0580270793037,953,240,638,2,3271,10.0956790123457,"Lincoln County, Georgia",7856,5199,66.2,2433,31,1290,385
"91","Long",13183,647,10,46,167,2,12,332,8,31,42,0,2,14.3740340030912,0,2.17391304347826,22.5656877897991,0,13.0434782608696,1313,297,848,55,3.35110434120335,9.82482863670982,607,117,420,15,6447,18.3675213675214,"Long County, Georgia",18692,10821,57.9,4639,24.8,1075,370
"92","Lowndes",13185,7495,130,354,2759,54,172,2840,69,151,460,4,22,17.3582388258839,0,1.9774011299435,20.4669779853235,0,3.38983050847458,17056,4318,10152,308,6.96529080675422,13.7077861163227,8549,2081,5494,109,73972,200.466124661247,"Lowndes County, Georgia",115364,62042,53.8,41948,36.4,8885,3520
"93","Lumpkin",13187,2700,58,272,40,1,3,2218,56,238,83,1,8,12.2222222222222,1.72413793103448,7.72058823529412,13.6296296296296,0,4.04411764705882,5269,22,4728,60,2.35338773960903,14.7656101727083,3269,6,3009,17,9496,25.9453551912568,"Lumpkin County, Georgia",32402,29344,90.6,660,2,4910,8
"94","Macon",13193,588,23,79,312,17,48,123,4,18,38,1,2,14.9659863945578,4.34782608695652,10.126582278481,20.578231292517,0,2.53164556962025,2233,1077,774,25,2.06000895656068,11.5987460815047,1228,544,501,10,4612,12.8826815642458,"Macon County, Georgia",13305,4302,32.3,8178,61.5,1035,1020
"95","Madison",13195,2663,43,146,320,4,27,1731,36,102,153,3,4,16.2223056702967,0,2.73972602739726,31.6184754036801,0,15.0684931506849,5361,449,4255,86,4.38351053907853,19.7164708076851,2994,237,2453,29,15029,42.3352112676056,"Madison County, Georgia",29218,23914,81.8,3108,10.6,4035,435
"96","Marion",13197,382,16,33,150,8,16,146,7,13,27,0,2,13.3507853403141,0,6.06060606060606,16.7539267015707,0,3.03030303030303,1326,369,787,14,3.54449472096531,15.0075414781297,706,181,429,6,3589,10.1960227272727,"Marion County, Georgia",8432,4994,59.2,2568,30.5,1065,430
"97","McDuffie",13189,1608,38,150,642,16,72,562,21,65,51,0,3,19.7761194029851,2.63157894736842,6,26.9278606965174,7.89473684210526,10.6666666666667,3213,914,2014,33,1.40056022408964,9.33706816059757,1991,534,1320,13,8599,24.7809798270893,"McDuffie County, Georgia",21455,11483,53.5,8561,39.9,2410,1035
"98","McIntosh",13191,668,14,53,240,7,28,359,7,25,7,0,0,7.93413173652695,0,0,13.1736526946108,0,0,2949,828,1968,18,0.81383519837233,8.88436758223127,1831,468,1284,10,6050,17.3850574712644,"McIntosh County, Georgia",14174,8802,62.1,5020,35.4,2250,1010
"99","Meriwether",13199,1459,61,126,661,29,73,598,32,52,16,0,0,10.3495544893763,0,0.793650793650794,23.5777930089102,1.63934426229508,7.14285714285714,3295,977,1865,28,3.97572078907436,25.5235204855842,2127,586,1268,16,11266,31.2944444444444,"Meriwether County, Georgia",21106,11893,56.3,8388,39.7,2725,1230
"100","Miller",13201,647,8,33,246,5,18,314,2,9,21,0,0,4.17310664605873,0,9.09090909090909,5.10046367851623,0,15.1515151515152,1598,325,1164,9,1.06382978723404,9.51188986232791,822,128,640,4,14347,41.7063953488372,"Miller County, Georgia",5787,3934,68,1754,30.3,975,240
"101","Mitchell",13205,1483,71,227,794,36,159,524,32,61,83,2,4,3.91099123398517,0,0.881057268722467,11.9352663519892,1.40845070422535,6.6079295154185,4656,1953,2367,47,1.46048109965636,9.3213058419244,2498,914,1422,19,12038,32.8010899182561,"Mitchell County, Georgia",22244,10199,45.9,10312,46.4,2160,1280
"102","Monroe",13207,1819,84,183,499,34,85,970,49,90,31,0,2,15.5030236393623,0,2.18579234972678,22.759758108851,3.57142857142857,6.01092896174863,5232,1100,3568,31,2.17889908256881,16.8386850152905,2758,547,1948,15,13876,37.8092643051771,"Monroe County, Georgia",27171,19674,72.4,6304,23.2,3680,875
"103","Montgomery",13209,706,19,40,164,2,11,403,15,20,52,1,4,7.93201133144476,0,2.5,13.314447592068,5.26315789473684,2.5,1119,243,774,19,1.51921358355675,47.3637176050045,632,123,473,8,4254,12.5486725663717,"Montgomery County, Georgia",9058,5918,65.3,2332,25.7,1090,290
"104","Morgan",13211,1153,19,80,290,4,25,653,15,47,21,0,3,13.8768430182134,0,5,26.539462272333,0,12.5,3416,455,2545,44,2.78103044496487,14.7833723653396,2126,234,1683,24,8181,22.5371900826446,"Morgan County, Georgia",18507,13316,72,4218,22.8,2665,625
"105","Murray",13213,3960,73,229,29,1,2,2654,68,190,687,4,25,15.9343434343434,0,4.36681222707424,18.6363636363636,0,7.4235807860262,5983,21,5473,301,1.01955540698646,7.60488049473508,3210,7,3056,69,16810,45.9289617486339,"Murray County, Georgia",39724,32789,82.5,413,1,5205,23
"106","Muscogee",13215,13450,362,1058,5564,183,600,4199,162,342,748,8,53,18.6096654275093,0.276243093922652,3.78071833648393,25.1895910780669,0.552486187845304,5.4820415879017,25238,8015,12390,694,5.97511688723354,25.6636817497425,13317,3969,7163,355,121097,324.656836461126,"Muscogee County, Georgia",195739,78974,40.3,89275,45.6,14195,9250
"107","Newton",13217,7103,196,599,3188,69,334,2239,121,213,451,4,25,15.1907644657187,0,4.50751252086811,23.9053920878502,0,3.17195325542571,14073,4761,7384,248,3.11234278405457,22.9659631919278,7671,2179,4630,126,60595,162.45308310992,"Newton County, Georgia",108079,50197,46.4,47914,44.3,8740,3660
"108","Oconee",13219,2925,60,122,149,5,17,2126,54,93,131,0,5,14.8376068376068,0,1.63934426229508,25.5042735042735,0,13.1147540983607,10616,373,8429,192,5.29389600602864,22.3907309721176,4765,176,4049,62,22461,61.2016348773842,"Oconee County, Georgia",38132,32083,84.1,1993,5.2,4565,275
"109","Oglethorpe",13221,1156,27,70,253,6,24,631,20,36,63,1,3,16.3494809688581,0,1.42857142857143,28.8062283737024,0,10,2922,405,2188,47,3.35386721423682,14.2710472279261,1601,214,1234,20,6920,19.5480225988701,"Oglethorpe County, Georgia",14931,11294,75.6,2624,17.6,2085,505
"110","Paulding",13223,10210,156,350,1902,12,77,5465,133,228,709,6,14,15.9157688540646,1.28205128205128,6.28571428571429,35.6807051909892,1.28205128205128,14.8571428571429,19818,3117,14084,471,3.87526491068725,23.0346149964679,10041,1118,8011,158,85001,228.497311827957,"Paulding County, Georgia",159825,113468,71,29547,18.5,12745,1515
"111","Peach",13225,1784,46,204,759,27,114,613,16,76,85,2,5,15.7511210762332,0,0.980392156862745,22.5336322869955,2.17391304347826,5.3921568627451,4615,1677,2326,138,2.8602383531961,19.3932827735645,2356,728,1331,39,9850,27.4373259052925,"Peach County, Georgia",27145,12424,45.8,12124,44.7,2515,1350
"112","Pickens",13227,2420,58,196,21,1,2,2081,55,182,66,1,10,9.79338842975207,0,0.510204081632653,19.6694214876033,0,2.55102040816327,7327,35,6629,66,2.32018561484919,14.8218916336836,5010,18,4601,32,17461,48.9103641456583,"Pickens County, Georgia",31387,27188,86.6,324,1,6120,58
"113","Pierce",13229,1206,43,126,149,5,27,795,36,91,56,0,3,12.6865671641791,2.32558139534884,2.38095238095238,19.0713101160862,0,7.93650793650794,2759,215,2401,21,0.616165277274375,7.32149329467198,1714,131,1515,8,9540,26.5738161559889,"Pierce County, Georgia",19250,16176,84,1799,9.3,2790,270
"114","Pike",13231,1007,23,67,97,5,8,646,18,52,22,0,1,18.669314796425,0,1.49253731343284,25.6206554121152,0,8.95522388059701,2412,315,1863,20,2.90215588723051,21.6003316749585,1438,172,1154,8,7646,21.0633608815427,"Pike County, Georgia",18327,15928,86.9,1639,8.9,2335,345
"115","Polk",13233,3840,75,359,399,6,61,2155,65,250,460,4,26,22.2395833333333,0,5.01392757660167,27.578125,0,11.9777158774373,7235,629,5642,204,2.26675881133379,10.1313061506565,4058,342,3285,42,18758,50.9728260869565,"Polk County, Georgia",41908,30176,72,5002,11.9,5460,690
"116","Pulaski",13235,597,30,52,248,18,31,285,12,18,14,0,2,5.69514237855946,0,1.92307692307692,19.7654941373534,0,13.4615384615385,1689,390,1167,5,2.90112492599171,39.4908229721729,964,213,704,2,4109,12.3765060240964,"Pulaski County, Georgia",11216,6437,57.4,4228,37.7,1665,465
"117","Putnam",13237,1726,52,153,539,23,63,803,26,76,105,3,7,13.3256083429896,0,1.30718954248366,27.8099652375435,0,13.7254901960784,3961,605,2921,65,2.24690734662964,13.6834132794749,2609,308,2042,26,10707,29.5773480662983,"Putnam County, Georgia",21691,14248,65.7,5684,26.2,4045,665
"118","Quitman",13239,78,1,10,52,1,8,12,0,1,NA,NA,NA,14.1025641025641,0,0,20.5128205128205,0,10,386,187,173,1,3.36787564766839,6.47668393782383,279,115,149,NA,683,2.82231404958678,"Quitman County, Georgia",2289,848,37,1188,51.9,415,270
"119","Rabun",13241,1449,37,144,16,0,1,1054,34,123,133,3,9,16.7701863354037,0,7.63888888888889,20.703933747412,0,7.63888888888889,4156,28,3787,76,1.70837343599615,12.8007699711261,2771,6,2596,21,7662,21.3426183844011,"Rabun County, Georgia",16645,14598,87.7,316,1.9,4145,75
"120","Randolph",13243,462,32,79,291,24,56,99,8,18,4,0,1,13.4199134199134,0,5.06329113924051,16.6666666666667,0,6.32911392405063,1357,584,641,5,1.03168754605748,6.77966101694915,808,304,438,3,4240,11.7127071823204,"Randolph County, Georgia",6973,2416,34.6,4351,62.4,865,800
"121","Richmond",13245,19036,375,1258,10090,209,781,5064,152,391,557,8,25,11.8039504097499,0,2.7027027027027,22.6938432443791,0.8,14.1494435612083,30530,13021,12382,670,3.36062888961677,16.835899115624,15492,6508,6781,240,169416,456.646900269542,"Richmond County, Georgia",201852,69706,34.5,112183,55.6,13560,11365
"122","Rockdale",13247,5685,143,817,2968,66,476,1149,63,220,544,10,64,15.3034300791557,2.0979020979021,5.99755201958384,22.8847845206684,0,4.03916768665851,15288,5934,6956,254,3.74149659863946,26.2166405023548,7945,2513,4374,105,56643,154.340599455041,"Rockdale County, Georgia",89717,28460,31.7,48243,53.8,7485,3725
"123","Schley",13249,204,4,20,64,1,12,114,2,6,7,1,2,8.82352941176471,0,5,13.2352941176471,0,0,845,192,603,6,0.946745562130178,8.99408284023669,432,91,327,1,2307,6.62931034482759,"Schley County, Georgia",5221,3550,68,1312,25.1,640,205
"124","Screven",13251,796,20,64,318,7,37,275,13,22,12,0,1,21.4824120603015,0,6.25,25.1256281407035,0,12.5,2680,853,1385,23,5.29850746268657,17.3880597014925,1615,472,883,12,4777,13.8063583815029,"Screven County, Georgia",13989,7618,54.5,5824,41.6,1560,815
"125","Seminole",13253,722,17,64,284,6,26,403,11,37,9,0,0,2.07756232686981,0,1.5625,4.84764542936288,0,1.5625,1831,404,1280,9,1.31075914800655,7.26379027853632,1098,197,826,3,6636,19.9279279279279,"Seminole County, Georgia",8321,5118,61.5,2737,32.9,1440,420
"126","Spalding",13255,3798,142,402,1138,41,165,1629,98,206,150,3,13,21.3796735123749,0,2.7363184079602,33.9915745129015,1.40845070422535,9.95024875621891,10040,2456,6397,89,3.24701195219124,25.3286852589641,6234,1264,4304,34,30215,81.6621621621622,"Spalding County, Georgia",65306,38215,58.5,22261,34.1,8345,2145
"127","Stephens",13257,2911,73,251,288,10,36,2222,61,197,44,0,2,9.96221229817932,1.36986301369863,4.7808764940239,17.4166952937135,0,7.56972111553785,5194,424,4341,33,1.65575664227955,11.5710435117443,3216,242,2764,15,13456,38.4457142857143,"Stephens County, Georgia",25750,21205,82.3,3064,11.9,4340,395
"128","Stewart",13259,774,22,122,178,10,28,69,7,12,304,5,71,30.3617571059432,4.54545454545455,12.2950819672131,27.906976744186,0,5.73770491803279,922,461,350,7,2.27765726681128,8.56832971800434,573,280,230,5,1826,5.38643067846608,"Stewart County, Georgia",6293,1471,23.4,3299,52.4,405,470
"129","Sumter",13261,1777,88,257,918,55,167,527,32,63,93,1,15,12.3804164321891,0,3.89105058365759,18.1767023072594,0,3.50194552529183,7012,2630,3718,125,1.62578436965203,13.248716486024,3659,1230,2180,32,27700,75.0677506775068,"Sumter County, Georgia",30064,11839,39.4,15670,52.1,2980,1635
"130","Talbot",13263,374,17,40,206,9,24,115,8,13,2,0,0,11.7647058823529,0,7.5,17.9144385026738,0,7.5,1154,492,510,11,3.29289428076256,19.6707105719237,709,266,353,2,4112,12.1297935103245,"Talbot County, Georgia",6321,2572,40.7,3649,57.7,755,645
"131","Taliaferro",13265,99,3,8,63,2,5,24,1,3,2,0,0,8.08080808080808,0,0,18.1818181818182,0,0,255,138,95,5,0.392156862745098,9.41176470588235,177,93,71,4,501,2.3411214953271,"Taliaferro County, Georgia",1611,528,32.8,1000,62.1,210,185
"132","Tattnall",13267,1806,42,113,260,11,32,829,24,59,215,7,13,26.2458471760797,0,3.53982300884956,31.7275747508306,0,14.1592920353982,3275,566,2170,76,5.37404580152672,17.4351145038168,1847,304,1284,28,9333,25.925,"Tattnall County, Georgia",25382,14635,57.7,7404,29.2,2705,615
"133","Taylor",13269,494,22,71,240,13,42,165,9,25,8,0,1,11.336032388664,0,0,15.9919028340081,0,2.8169014084507,1467,476,784,7,3.68098159509202,19.3592365371506,837,247,471,4,3391,9.68857142857143,"Taylor County, Georgia",8116,4652,57.3,3081,38,1005,505
"134","Telfair",13271,700,43,65,198,16,31,366,26,27,36,1,6,11.5714285714286,0,1.53846153846154,18.5714285714286,0,6.15384615384615,1548,396,888,11,3.10077519379845,32.9457364341085,798,193,482,3,2497,7.25872093023256,"Telfair County, Georgia",16035,7848,48.9,6173,38.5,1840,775
"135","Terrell",13273,554,42,109,391,27,77,134,14,27,8,0,3,1.80505415162455,0,0,8.12274368231047,0,3.6697247706422,2143,1053,932,16,0.466635557629491,8.39944003733084,1266,536,651,6,5276,14.3760217983651,"Terrell County, Georgia",8737,3111,35.6,5077,58.1,915,665
"136","Thomas",13275,3469,109,340,1613,43,202,1546,64,126,126,2,7,3.40155664456616,0,0.294117647058824,10.4352839434996,0.917431192660551,4.11764705882353,9599,2727,5804,88,3.13574330659444,15.7203875403688,5291,1280,3477,31,35152,97.3739612188366,"Thomas County, Georgia",44630,25712,57.6,16172,36.2,5340,2110
"137","Tift",13277,3384,94,410,1031,28,175,1543,54,169,449,12,60,10.2245862884161,0,2.4390243902439,10.5791962174941,0,3.41463414634146,7630,1567,5036,223,4.20707732634338,17.0380078636959,3939,743,2837,47,33648,92.6942148760331,"Tift County, Georgia",40541,22644,55.9,11959,29.5,4440,1175
"138","Toombs",13279,2845,93,168,545,25,49,1194,63,78,227,3,12,20.5623901581722,0,3.57142857142857,30.1581722319859,1.0752688172043,7.14285714285714,3776,687,2525,98,2.35699152542373,16.4459745762712,2199,354,1570,29,11782,33.0028011204482,"Toombs County, Georgia",26972,16247,60.2,6891,25.5,3330,800
"139","Towns",13281,1044,42,124,5,0,0,860,40,118,28,0,3,13.3141762452107,2.38095238095238,1.61290322580645,16.8582375478927,0,2.41935483870968,3745,3,3363,31,6.22162883845127,20.3204272363151,2752,2,2489,20,6832,20.0351906158358,"Towns County, Georgia",11617,10930,94.1,147,1.3,3665,23
"140","Treutlen",13283,622,20,51,225,3,27,336,17,24,1,0,0,7.39549839228296,0,0,15.4340836012862,0,3.92156862745098,869,243,512,6,1.15074798619102,46.8354430379747,486,113,310,3,2682,8.22699386503067,"Treutlen County, Georgia",6795,4896,72.1,1792,26.4,980,295
"141","Troup",13285,5710,170,472,2422,67,257,2107,101,197,161,2,12,15.5516637478109,0,0.847457627118644,32.0140105078809,0.588235294117647,5.50847457627119,8194,1678,5661,73,3.09982914327557,21.1374176226507,4955,985,3543,34,46735,126.997282608696,"Troup County, Georgia",69919,39347,56.3,25245,36.1,7185,2240
"142","Turner",13287,591,31,85,264,17,54,228,14,29,17,0,1,12.1827411167513,0,1.17647058823529,14.5516074450085,0,2.35294117647059,1681,492,988,12,1.01130279595479,9.81558596073766,944,252,613,3,5295,15.1285714285714,"Turner County, Georgia",7943,4269,53.7,3200,40.3,1105,420
"143","Twiggs",13289,503,34,96,243,20,67,182,13,27,6,1,1,13.3200795228628,0,1.04166666666667,22.0675944333996,0,10.4166666666667,1474,632,707,10,2.57801899592944,21.6417910447761,888,338,487,6,3615,10.3879310344828,"Twiggs County, Georgia",8229,4530,55,3526,42.8,1040,670
"144","Union",13291,1976,65,200,13,0,2,1700,63,189,31,0,1,11.3866396761134,1.53846153846154,3.5,16.0425101214575,1.53846153846154,4.5,6508,5,6046,51,3.22679778733866,10.3564843269822,4614,3,4303,32,15111,42.6864406779661,"Union County, Georgia",23288,21859,93.9,173,0.7,6895,18
"145","Upson",13293,1755,102,169,627,35,60,802,65,79,26,0,0,7.06552706552706,0,2.9585798816568,16.980056980057,0,10.0591715976331,4940,1193,3344,36,1.65991902834008,12.753036437247,2965,600,2176,18,17820,47.9032258064516,"Upson County, Georgia",26236,17634,67.2,7120,27.1,3695,940
"146","Walker",13295,6094,75,264,219,3,12,3696,65,179,120,2,1,33.1965868066951,5.33333333333333,26.1363636363636,41.3685592385953,8,31.0606060606061,10273,250,9221,53,2.96894772705149,9.19887082643824,6280,119,5713,18,24612,67.4301369863014,"Walker County, Georgia",69039,62742,90.9,2840,4.1,11525,405
"147","Walton",13297,7717,221,468,1312,42,130,4168,171,297,309,2,14,18.1935985486588,1.80995475113122,2.13675213675214,28.949073474148,0.452488687782805,7.05128205128205,13811,1553,10094,237,5.45217580189704,22.525523133734,7898,655,6225,107,54613,148.809264305177,"Walton County, Georgia",91442,68250,74.6,16120,17.6,11290,1420
"148","Ware",13299,2921,136,341,847,38,115,1366,95,195,111,2,7,15.2687435809654,0.735294117647059,0.879765395894428,23.7589866484081,0,8.50439882697947,5582,1037,4060,53,0.73450376209244,8.49158007882479,3507,607,2667,19,39159,106.700272479564,"Ware County, Georgia",35593,22547,63.3,10622,29.8,4625,1210
"149","Warren",13301,366,12,46,229,6,32,71,6,12,4,0,0,14.4808743169399,0,2.17391304347826,21.0382513661202,0,10.8695652173913,884,431,349,4,1.69683257918552,6.33484162895928,580,265,257,3,1940,6.15873015873016,"Warren County, Georgia",5297,1986,37.5,3237,61.1,575,525
"150","Washington",13303,1608,54,108,791,28,68,572,26,37,22,0,0,12.8731343283582,0,2.77777777777778,22.2014925373134,0,12.037037037037,2966,1230,1267,9,5.32703978422117,21.3755900202293,1662,592,803,3,7009,19.9119318181818,"Washington County, Georgia",20436,8691,42.5,10755,52.6,1885,1405
"151","Wayne",13305,2624,69,257,402,17,72,1346,49,167,85,1,6,28.8109756097561,0,3.11284046692607,32.9649390243902,1.44927536231884,5.83657587548638,4743,572,3682,77,1.7921146953405,12.0387940122285,2773,299,2253,37,17226,47.585635359116,"Wayne County, Georgia",29788,21200,71.2,6030,20.2,3765,600
"152","Webster",13307,101,4,13,54,2,7,39,2,5,1,0,0,5.94059405940594,0,7.69230769230769,7.92079207920792,0,7.69230769230769,537,233,255,3,1.86219739292365,6.51769087523278,301,107,168,2,906,3.29454545454545,"Webster County, Georgia",2610,1353,51.8,971,37.2,300,190
"153","Wheeler",13309,452,21,35,90,6,13,193,11,17,18,2,2,31.858407079646,4.76190476190476,8.57142857142857,35.8407079646018,0,5.71428571428571,818,206,550,11,0.122249388753056,46.8215158924205,455,122,309,7,1531,5.26116838487973,"Wheeler County, Georgia",7928,4454,56.2,3440,43.4,795,260
"154","White",13311,2889,63,283,47,1,10,2400,61,255,47,0,4,12.5995154032537,1.58730158730159,3.886925795053,16.6493596400138,0,6.71378091872792,5374,51,4980,48,1.91663565314477,13.1931522143655,3555,24,3365,21,7673,21.0219178082192,"White County, Georgia",29489,27218,92.3,430,1.5,5875,4
"155","Whitfield",13313,14424,219,712,420,9,38,5552,161,407,5256,47,221,23.6896838602329,0.45662100456621,6.32022471910112,23.2529118136439,0.91324200913242,9.8314606741573,17439,544,13682,2181,1.89231033889558,8.71036183267389,8761,288,7579,490,99917,270.045945945946,"Whitfield County, Georgia",104237,60904,58.4,3918,3.8,12780,415
"156","Wilcox",13315,466,28,70,161,9,27,259,19,34,11,0,4,5.79399141630901,0,7.14285714285714,15.8798283261803,0,11.4285714285714,1166,315,769,11,1.45797598627787,38.8507718696398,620,153,433,6,4408,13.1190476190476,"Wilcox County, Georgia",8824,5163,58.5,3131,35.5,1160,265
"157","Wilkes",13317,661,17,71,304,6,39,250,11,28,31,0,1,10.590015128593,0,4.22535211267606,15.8850226928896,0,15.4929577464789,1590,546,853,14,2.32704402515723,13.5849056603774,977,312,569,7,4588,13.2985507246377,"Wilkes County, Georgia",9844,5014,50.9,4193,42.6,1405,760
"158","Wilkinson",13319,720,26,117,297,14,65,293,11,46,10,1,1,13.1944444444444,0,0.854700854700855,24.1666666666667,0,5.98290598290598,2142,889,1104,7,1.02707749766573,16.1531279178338,1134,399,667,2,62374,174.717086834734,"Wilkinson County, Georgia",9010,5109,56.7,3509,38.9,1080,540
"159","Worth",13321,1163,58,169,479,19,80,590,38,83,16,0,4,5.07308684436801,0,0.591715976331361,11.4359415305245,0,2.9585798816568,4158,1048,2820,22,1.27465127465127,10.7263107263107,2375,531,1687,5,12248,33.1924119241192,"Worth County, Georgia",20494,13793,67.3,5741,28,2875,750
